,,,,,,,,(อัพเดตจุดจอดและชื่อภาษาอังกฤษ),,,,,,,,,,
Route,Route,Estimate Time (Optional),Type,id,external_id,lat,lon,Pick up point,lat,lon,,,,,,,,
B1 Lotus Onnut/Bus1,B1 Lotus Onnut/Bus1,6:30,Original,,,13.70530834,100.6005607,"ลานจอดรถโลตัสอ่อนนุช/Lotus On Nut,Car park, Sukhumvit 50",13.7941565,100.5950472,,,,,,,,
,B1 Lotus Onnut/Bus1,6:35,Original,,,pending,,จุดกลับรถลงทางด่วนพัฒนาการ 2/U-turn under EXAT,13.5216319,100.6554223,,,,,,,,
B2 (A) Bangna1 (Bus 1),B2 (A) Bangna1 (Bus 1),6:20,,,,13.67673582,100.6331601,ซ.อุดมสุข 50,13.754895,100.646053,,,,,,,,
,B2 (A) Bangna1 (Bus 1),6:20,,,,13.68917349,100.6086923,ตรงข้าม ซ.สุขุมวิท 62/3,13.78817,100.694116,,,,,,,,
,B2 (A) Bangna1 (Bus 1),6:30,Original,,,13.67830399,100.6131653,หน้า รร.อุดมสุข ตรงข้ามอุดมสุข ซ.7/Udomsuk Hotel,13.812412,100.724344,,,,,,,,
,B2 (A) Bangna1 (Bus 1),6:32,Original,,,pending,,ปากซ.อุดมสุข.6 /Soi Udomsuk 6,13.7271798,100.4962401,,,,,,,,
,B2 (A) Bangna1 (Bus 1),6:35,Original,,,13.6764652,100.6084219,หน้าอเมซอน(เดอะสกาย) ซ.สุขุมวิท103/2/ Amazon café(The sky)Sukhumvit 103/2,13.71102583,100.4988179,,,,,,,,
B2 (B) Bangna1 (Van 2),B2 (B) Bangna1 (Van 2),6:36,,,,13.66138404,100.6619344,ป้ายรถเมล์ร้านสวนสนาน ถ.บางนา-ตราด,13.713059,100.478897,,,,,,,,
,B2 (B) Bangna1 (Van 2),6:50,Original,,,13.67236832,100.6143086,สะพานลอยหน้ารร.นานาชาติเบิร์คลีย์/Overpass Berkeley School,13.8070628,100.5720059,,,,,,,,
,B2 (C) Bangna1 (Van 3),6:52,Original,,,13.66839997,100.636275,หน้าตึกทศพล(เลยบิ๊กซีบางนา)/Tossapol land Bldg.,13.805019,100.575082,,,,,,,,
,B2 (C) Bangna1 (Van 3),6:55,Original,,,13.6673845,100.6423998,สะพานลอยหน้าเอสบีดีไซด์ บางนา/Overpass SB Design Bangna,13.791689,100.574439,,,,,,,,
B3 Bangna2,B3 Bangna2,6:35,Original,,,13.66535725,100.6504939,หน้าอินเด็กซ์ ถ.บางนาตราด/In front of Index Bangna,13.3246798,100.9636436,,,,,,,,
,B3 Bangna2,6:37,Original,,,13.66258399,100.6510852,ม.สันตินคร ซ.บางนาตราด 49/Soi Bangna-Trad 49,13.5887236,100.609469,,,,,,,,
,B3 Bangna2,6:40,Original,,,pending,,ป้ายรถเมล์โลตัสบางนา(เลยทางเข้าราม 2)/Bus stop Lotus Bangna,13.608073,100.6160983,,,,,,,,
,B3 Bangna2,6:47,Original,,,13.63333016,100.7109648,หน้าแม็คโคร ตรงข้ามโฮมโปร กิ่งแก้ว/Makro Bangphli opposite Homepro,13.6125331,100.6650606,,,,,,,,
,B3 Bangna2,6:50,Original,,,13.63016553,100.7198171,สะพานลอยโชว์รูม MG กม.13 (ตรงข้ามวัดหลวงพ่อโต)/Overpass MG Dealer KM.13,13.5898709,100.597374,,,,,,,,
,B3 Bangna2,6:55,Original,,,13.6193738,100.7427077,ป้ายรถเมล์บ.ไทยซัมมิท บางนา/Bus stop Thai Summit,13.878079,100.548441,,,,,,,,
,B3 Bangna2,7:00,Original,,,13.61168865,100.7597711,ป้ายรถเมล์ ม.หัวเฉียว/Bus stop Huachiew Univ.,13.7943594,100.7049973,,,,,,,,
,B3 Bangna2,7:04,Original,,,13.59491386,100.8045939,ป้ายรถเมล์ตรงข้าม รพ.บางนา 2/Bus stop opposite Bangna 2 Hosp.,13.8726176,100.5490612,,,,,,,,
,B3 Bangna2,7:05,Original,,,,,หน้าปั๊มน้ำมันเชลล์ บางเสาธง/Shell gas station Bang Sao Thong,13.7120252,100.4076898,,,,,,,,
,B3 Bangna2,7:07,Original,,,,,ป้ายรถเมล์ ABAC บางนา/Bus stop ABAC Univ.,13.7054178,100.599848,,,,,,,,
,B3 Bangna2,7:15,Original,,,,,ป้ายรถเมล์ ตรงข้ามทางเข้า อ.บางบ่อ/Bus stop Bangbo district,13.7389599,100.6043695,,,,,,,,
B4 Laksi-Viphavadee,B4 Laksi-Viphavadee,6:10,Original,1353335,bangkok_280920_013,13.882461,100.58104,ป้ายรถเมล์ เชียงกงหลักสี่  ถ.วิภาวดี,13.6786483,100.6133972,,,,,,,,
,B4 Laksi-Viphavadee,6:14,Original,1354690,bangkok_111020_121,13.853499,100.565084,สะพานลอยหน้า ม.เกษตรศาสตร์ ถ.วิภาวดี,13.6786896,100.6115262,,,,,,,,
,B4 Laksi-Viphavadee,6:20,Original,1354691,bangkok_111020_122,13.845142,100.560648,ป้ายรถเมล์ หน้า รพ.วิภาวดี ถ.วิภาวดี,13.6766132,100.6082271,,,,,,,,
,B4 Laksi-Viphavadee,6:22,Original,1353336,bangkok_280920_014,13.8387581,100.5578206,ป้ายรถเมล์ หน้าศูนย์นิสสัน ถ.วิภาวดี,13.6721899,100.6139084,,,,,,,,
,B4 Laksi-Viphavadee,6:30,Original,1353337,bangkok_280920_015,13.825396,100.558352,ด้านในปั๊มน้ำมัน ปตท. ถ.วิภาวดี,13.6678868,100.6359409,,,,,,,,
B5 Ngamwongwan,B5 Ngamwongwan,6:03,Add_Jan2021,-,-,13.878079,100.548441,หน้าร้าน one one food avenue ถ.สามัคคี,13.629541,100.719754,,,,,,,,
,B5 Ngamwongwan,6:10,Original,1353338,bangkok_280920_016,13.8713054,100.5487274,ป้ายรถเมล์หน้า ม. ธุรกิจบัณฑิตย์,13.6666494,100.6419728,,,,,,,,
,B5 Ngamwongwan,6:14,Add_Jan2021,-,-,13.8726176,100.5490612,ป้ายรถเมล์ตรงข้ามปั้มเชลล์ ถ.ประชาชื่น,13.6339053,100.7116617,,,,,,,,
,B5 Ngamwongwan,6:15,,,,,,ป้ายรถเมล์ตรงข้าม คอนโดลุมพินี ถ.ประชาชื่น,13.6650411,100.6504104,,,,,,,,
,B5 Ngamwongwan,6:15,Original,1353339,bangkok_280920_017,13.857133,100.536475,หน้าร้านเฟอร์นิเจอร์ เลยงามวงศ์วาน ซ.12,13.655949,100.671911,,,,,,,,
,B5 Ngamwongwan,6:20,Original,1353340,bangkok_280920_018,13.857384,100.534609,หน้าคลินิกทันตกรรม เลยงามวงศ์วาน ซ.8,13.6524136,100.6781308,,,,,,,,
B6 Victory Monument,B6 Victory Monument,6:15,Original,1354692,bangkok_111020_123,13.803246,100.560685,ด้านใน ปั๊มซัสโก้ ซ.วิภาวดี 20,13.61889,100.742968,,,,,,,,
,B6 Victory Monument,6:20,Original,1354693,bangkok_111020_124,13.788523,100.56171,ป้ายรถเมล์หน้าดับเพลิงสุทธิสาร,13.611498,100.759667,,,,,,,,
,B6 Victory Monument,6:30,Original,1353341,bangkok_280920_019,13.76895138,100.5406425,หน้าปั๊มปตท.พหลโยธิน (สนามเป้า),13.59529,100.80472,,,,,,,,
B7 (A)  Ladprao (A),B7 (A)  Ladprao (A),6:05,Original,1404964,bangkok_071220_002,13.7941565,100.5950472,ป้ายรถเมล์ ตลาดโชคชัย 4,13.593496,100.812719,,,,,,,,
,B7 (A)  Ladprao (A),6:15,Original,1355374,bangkok_191020_019,13.7876536,100.6068099,ป้ายรถเมล์ แกรนด์วิลเลจ 27 ถ.ลาดพร้าว,13.589783,100.83012,,,,,,,,
,B7 (A)  Ladprao (A),6:20,Original,1353342,bangkok_280920_020,13.78411804,100.6130957,ปาก ซ.ลาดพร้าว 83,13.5880875,100.8376889,,,,,,,,
,B7 (A)  Ladprao (A),6:22,Original,1353343,bangkok_280920_021,13.781973,100.616997,หน้าร้านข้าวผัดปูเมืองทอง ปาก ซ.ลาดพร้าว 87,13.803989,100.511976,,,,,,,,
B7 (B)  Ladprao (B),B7 (B)  Ladprao (B),6:24,Original,1353447,bangkok_081020_001,13.774528,100.630329,ปากซ.ลาดพร้าว 101/1,13.8230616,100.5225359,,,,,,,,
,B7 (B)  Ladprao (B),6:25,Original,1353344,bangkok_280920_022,13.771671,100.635456,หน้า รพ.เวชธานี ถ.ลาดพร้าว,13.830183,100.543589,,,,,,,,
,B7 (B)  Ladprao (B),6:27,Original,1353345,bangkok_280920_023,13.76985,100.638634,ปากซ.ลาดพร้าว 113,13.781822,100.490314,,,,,,,,
,B7 (B)  Ladprao (B),6:35,Original,1353346,bangkok_280920_024,13.754895,100.646053,หน้าปั๊มPT ถ.ศรีนครินทร์,13.7780333,100.4860247,,,,,,,,
,B7 (B)  Ladprao (B),6:37,Original,1353448,bangkok_081020_002,13.745339,100.64354,ป้ายรถเมล์ ตรงข้าม รพ.สมิติเวช,13.7752552,100.483614,,,,,,,,
,B7 (B)  Ladprao (B),-,Add_Nov2020,1355376,bangkok_191020_021,13.75237,100.64547,ป้ายรถเมล์ แยกกรุงเทพกรีฑา,13.7701341,100.4847197,,,,,,,,
B8 (A) Minburi ( A),B8 (A) Minburi ( A),6:00,,,,,,หน้า KTB ซ.นวมินทร์48,13.758023,100.496525,,,,,,,,
,B8 (A) Minburi ( A),6:05,Original,1354694,bangkok_111020_125,13.77760812,100.6480518,ด้านสวนพฤกษชาติ (ตรงข้าม ม.การ์เด้นท์ ซ.48),13.760286,100.517325,,,,,,,,
,B8 (A) Minburi ( A),6:15,Original,1354695,bangkok_111020_126,13.7778388,100.6749166,ป้ายรถเมล์ตรงข้าม ม.สัมมากร ถ.รามคำแหง,13.786293,100.462936,,,,,,,,
,B8 (A) Minburi ( A),6:17,Original,1354696,bangkok_111020_127,13.790545,100.697911,หน้าศูนย์โตโยต้าธนบุรี  ถ.รามคำแหง,13.754903,100.527231,,,,,,,,
,B8 (A) Minburi ( A),6:20,Original,-,-,13.7943594,100.7049973,หน้าร้านอาหาร เทียน เทียน หัวปลาหม้อไฟ ซ.รามคำแหง 177,13.751347,100.537274,,,,,,,,
,B8 (A) Minburi ( A),6:25,Original,1354697,bangkok_111020_128,13.806569,100.727173,ป้ายรถเมล์หน้ารามอพาร์เม้นท์ ถ. รามคำแหง,13.8520549,100.5441079,,,,,,,,
,B8 (A) Minburi ( A),6:28,,,,,,ป้ายรถเมล์ ซ.รามคำแหง 162/1 ถ.รามคำแหง,13.656871,100.6424,,,,,,,,
,B8 (A) Minburi ( A),6:30,Original,1354698,bangkok_111020_129,13.792991,100.702805,ป้ายรถเมล์ หน้า บ.มีสทีน ถ.รามคำแหง,13.538793,100.621999,,,,,,,,
,B8 (A) Minburi ( A),6:35,Original,1353347,bangkok_280920_025,13.78817,100.694116,หน้าปั๊มปตท.ก่อนถึง ม.ธารารมณ์ ถ.รามคำแหง,13.723594,100.560366,,,,,,,,
,B8 (A) Minburi ( A),,,,,,,ป้ายรถเมล์หน้า รร.โสมาภานุสสรณ์ ถ.รามคำแหง,,,,,,,,,,
B8 (B) Minburi  ( B),B8 (B) Minburi  ( B),6:32,Original,1353348,bangkok_280920_026,13.812412,100.724344,หน้าเอสซีซุปเปอร์มาร์เก็ต ถ.สีหบุรานุกิจ,13.6892595,100.6091504,,,,,,,,
,B8 (B) Minburi  ( B),6:35,Original,1354699,bangkok_111020_130,13.812528,100.719766,หน้าปั๊มบางจาก ถ.สีหบุรานุกิจ,13.7943167,100.7052427,,,,,,,,
,B8 (B) Minburi  ( B),6:45,Original,1354700,bangkok_111020_131,13.792533,100.684972,ป้ายรถเมล์ หน้า ม.บ้านเรือนทอง ถ.เสรีไทย,13.661334,100.661954,,,,,,,,
B9 (A) Pinklao (A),B9 (A) Pinklao (A),6:10,Original,,,,,หน้าคอนโดซิตี้โฮม ถ.จรัญสนิทวงศ์,13.6779419,100.6340211,,,,,,,,
,B9 (A) Pinklao (A),6:15,Original,,,,,สะพานลอยตรงข้ามปั๊มน้ำมันซัสโก้ วงศ์สว่าง,13.71437651,100.5046606,,,,,,,,
,B9 (A) Pinklao (A),6:20,Original,,,,,หน้าปั๊มคาลเท็กซ์เลยสี่แยกประชานุกูล,13.40063473,101.0049694,,,,,,,,
B9 (B) Pinklao (B),B9 (B) Pinklao (B),6:15,Original,,,,,หน้าการไฟฟ้าย่อยบางยี่ขัน ซ.จรัญสนิทวงศ์ 54,13.61420453,100.592617,,,,,,,,
,B9 (B) Pinklao (B),6:16,Original,,,,,หน้าคอนโดเดอะพาร์คแลนด์ ซ.จรัญสนิทวงศ์ 42,13.688283,100.647005,,,,,,,,
,B9 (B) Pinklao (B),6:18,Original,,,,,หน้าKBANK ก่อนถึงซ.จรัญสนิทวงศ์ 40,13.66197991,100.6020399,,,,,,,,
,B9 (B) Pinklao (B),6:20,Original,,,,,หน้าคอนโด Ivy Residences ปิ่นเกล้า,13.733507,100.472134,,,,,,,,
,B9 (B) Pinklao (B),6:25,Original,,,,,สนง.สลากกินแบ่งรัฐบาล ถ.ราชดำเนินกลาง,13.6670356,100.4475695,,,,,,,,
,B9 (B) Pinklao (B),6:33,Original,,,,,ป้ายรถเมล์หน้าสนามม้านางเลิ้ง,13.71479881,100.4626907,,,,,,,,
B10 (A) Wongweanyai (BUS),B10 (A) Wongweanyai (BUS),6:20,Original,1353353,bangkok_280920_031,13.7271798,100.4962401,ปาก ซ.ลาดหญ้า ซ.3,13.7221663,100.553928,,,,,,,,
,B10 (A) Wongweanyai (BUS),6:25,Original,1354706,bangkok_111020_137,13.720666,100.508954,ท่าน้ำใต้สะพานตากสิน ถ.เจริญนคร,13.774528,100.630329,,,,,,,,
,B10 (A) Wongweanyai (BUS),6:27,,,,,,ซ.เจริญนคร 25 ถ.เจริญนคร,13.745339,100.64354,,,,,,,,
,B10 (A) Wongweanyai (BUS),6:27,Original,1353354,bangkok_280920_032,13.71102583,100.4988179,ปาก ซ.เจริญนคร 49-51,13.698684,100.483755,,,,,,,,
,B10 (A) Wongweanyai (BUS),6:30,Original,1354707,bangkok_111020_138,13.7058829,100.4906512,หน้ารร.อนันตรา(แมริออท) ถ.เจริญนคร,13.689226,100.482554,,,,,,,,
B10 (B) Wongweanyai (VAN),B10 (B) Wongweanyai (VAN),6:10,Add_Nov2020,1404963,bangkok_071220_001,13.7304714,100.4737192,ป้ายรถเมล์ก่อนถึงสี่แยก MRT ท่าพระ,13.7304714,100.4737192,,,,,,,,
,B10 (B) Wongweanyai (VAN),6:15,,,,,,ซ.จรัญสนิทวงศ์ 4 (วัดท่าพระ),13.671404,100.5088499,,,,,,,,
,B10 (B) Wongweanyai (VAN),6:25,Original,1353355,bangkok_280920_033,13.713059,100.478897,ป้ายรถเมล์หน้าเดอะมอลล์  ท่าพระฯ,13.763862,100.651176,,,,,,,,
,B10 (B) Wongweanyai (VAN),6:30,Original,1353449,bangkok_081020_003,13.698684,100.483755,หน้าปั๊มเชลล์ ถ.ตากสิน,13.6909768,100.647196,,,,,,,,
,B10 (B) Wongweanyai (VAN),6:35,Original,1353450,bangkok_081020_004,13.689226,100.482554,ป้ายรถเมล์ปาก ซ.สุขสวัสดิ์ ซ.3,13.717082,100.532937,,,,,,,,
,B10 (B) Wongweanyai (VAN),6:45,Original,1353451,bangkok_081020_005,13.671541,100.509058,เกาะกลางป้ายรถเมล์ใต้ทางด่วน ถ.สุขสวัสดิ์ กม.9,13.705386,100.53885,,,,,,,,
,B10 (B) Wongweanyai (VAN),-,Add_Nov2020,1355391,bangkok_191020_036,13.7163143,100.4897215,ปาก ซ.พระเจ้าตากสิน ซ.13,13.812703,100.41201,,,,,,,,
,B10 (B) Wongweanyai (VAN),-,Add_Nov2020,1355384,bangkok_191020_029,13.7118574,100.4881617,ปาก ซ.พระเจ้าตากสิน ซ.19,13.630768,100.503993,,,,,,,,
,B10 (B) Wongweanyai (VAN),-,Add_Nov2020,1355379,bangkok_191020_024,13.7408694,100.4707781,ปากซ.จรัญสนิทวงศ์ ซ.12,13.62668,100.505954,,,,,,,,
,B10 (B) Wongweanyai (VAN),-,Add_Nov2020,1355389,bangkok_191020_034,13.72384,100.4923773,สะพานลอย หน้าตลาดวงเวียนใหญ่,13.3350986,100.9704399,,,,,,,,
,B10 (B) Wongweanyai (VAN),-,Add_Nov2020,1355385,bangkok_191020_030,13.7161303,100.5065878,หน้าร้านทะเลเผา เจริญนคร 21,13.3634311,100.9899513,,,,,,,,
B11 Ratchada,B11 Ratchada,6:15,Original,1353356,bangkok_280920_034,13.8070628,100.5720059,MRT  ลาดพร้าวทางออก 3 ก่อนถึง ธ.ธนชาต,13.4159207,100.9924602,,,,,,,,
,B11 Ratchada,6:18,Original,1353357,bangkok_280920_035,13.805019,100.575082,หัวมุมแยกรัชดา - ลาดพร้าว ติดโรงรับจำนำ,13.4724419,100.9983349,,,,,,,,
,B11 Ratchada,6:20,Original,1353358,bangkok_280920_036,13.791689,100.574439,ป้ายรถเมล์ ก่อนถึงรัชดา ซ.20,13.5096395,100.9889326,,,,,,,,
,B11 Ratchada,6:22,Original,1353359,bangkok_280920_037,13.7890863,100.5742847,MRT แยกสุทธิสารทางออก3 เลยเซเว่นฯ,13.535205,100.964495,,,,,,,,
,B11 Ratchada,6:24,Original,1353360,bangkok_280920_038,13.7774527,100.5736943,MRT แยกห้วยขวาง ก่อนถึง รร.สวิสโซเทล,13.6357361,100.5914911,,,,,,,,
,B11 Ratchada,6:27,Original,1354708,bangkok_111020_139,13.7661785,100.5703428,MRT ศูนย์วัฒนธรรม ตรงข้ามห้างเอสพลานาด,13.61909,100.5909571,,,,,,,,
,B11 Ratchada,6:30,Original,1353361,bangkok_280920_039,13.757533,100.5653924,MRT พระราม 9 ทางออก2 ตรงข้ามฟอร์จูน,13.3903942,101.0126907,,,,,,,,
,B11 Ratchada,6:32,Original,1353362,bangkok_280920_040,13.75575,100.57098,หน้า คอนโดลุมพินีเพลส ถ.พระราม 9,13.373616,101.0193121,,,,,,,,
B12 Ramindra,B12 Ramindra,6:15,Original,1353363,bangkok_280920_041,13.871464,100.601884,ป้ายรถเมล์หน้าเซ็นทรัลรามอินทรา,13.5174529,100.6742539,,,,,,,,
,B12 Ramindra,6:20,Original,1354709,bangkok_111020_140,13.863406,100.61695,ปาก ซ.รามอินทรา 21,13.5399764,100.6210842,,,,,,,,
,B12 Ramindra,6:25,Original,1353364,bangkok_280920_042,13.858298,100.626286,ป้ายรถเมล์ หน้าตลาดรามอินทรา กม.4,13.853499,100.565084,,,,,,,,
,B12 Ramindra,6:30,Original,1354710,bangkok_111020_141,13.844063,100.652698,หน้าเซเว่นฯ รามอินทรา ซ.67 ,13.845142,100.560648,,,,,,,,
,B12 Ramindra,6:35,Original,1353365,bangkok_280920_043,13.833952,100.667547,รามอินทราซ.85 เยื้อง รพ.สินแพทย์,13.803246,100.560685,,,,,,,,
B13 Lamsalee-Srinakarin,B13 Lamsalee-Srinakarin,6:20,Original,1353452,bangkok_081020_006,13.763862,100.651176,หน้าเซเว่น ก่อนถึงรามคำแหง 60/4,13.788523,100.56171,,,,,,,,
,B13 Lamsalee-Srinakarin,6:25,Original,1353366,bangkok_280920_044,13.761097,100.64564,ป้ายรถเมล์ แยกลำสาลี ถ.ศรีนครินทร์,13.77760812,100.6480518,,,,,,,,
,B13 Lamsalee-Srinakarin,6:30,Original,1353367,bangkok_280920_045,13.734454,100.641258,สี่แยกพัฒนาการ หน้าเต็นท์รถมือสอง ถ.ศรีนครินทร์,13.7778388,100.6749166,,,,,,,,
,B13 Lamsalee-Srinakarin,6:35,Original,1353368,bangkok_280920_046,13.7109391,100.6442673,หน้าร้านเดอะสกาย  ถ.ศรีนครินทร์,13.790545,100.697911,,,,,,,,
,B13 Lamsalee-Srinakarin,6:40,Original,1353369,bangkok_280920_047,13.695093,100.647571,ป้ายรถเมล์หน้าห้างซีคอนสแควร์ ถ. ศรีนครินทร์,13.806569,100.727173,,,,,,,,
,B13 Lamsalee-Srinakarin,6:41,,,,,,ป้ายรถเมล์ ห้างพาราไดซ์ ถ.ศรีนครินทร์,13.792991,100.702805,,,,,,,,
,B13 Lamsalee-Srinakarin,6:42,Original,1353453,bangkok_081020_007,13.6909768,100.647196,ปากซ.ศรีนครินทร์ ซ.53,13.812528,100.719766,,,,,,,,
,B13 Lamsalee-Srinakarin,6:45,Original,1353370,bangkok_280920_048,13.6727064,100.6457479,ป้ายรถเมล์หน้า รร.โนโวเทล บางนา,13.792533,100.684972,,,,,,,,
B14  Sathorn-Rama3,B14  Sathorn-Rama3,6:25,Original,1353371,bangkok_280920_049,13.724917,100.529029,ปากซอยละลายทรัพย์ หน้าร้านอเมซอน ถ.นราธิวาส,13.720666,100.508954,,,,,,,,
,B14  Sathorn-Rama3,6:30,Original,1353454,bangkok_081020_008,13.717082,100.532937,หน้าศูนย์อีซูซุ ถ.นราธิวาส,13.7058829,100.4906512,,,,,,,,
,B14  Sathorn-Rama3,6:33,Original,1353455,bangkok_081020_009,13.705386,100.53885,ป้ายรถเมล์แรก (เลยแยกตัด ถ.จันทร์) ,13.7661785,100.5703428,,,,,,,,
,B14  Sathorn-Rama3,6:40,Original,1353372,bangkok_280920_050,13.687854,100.52162,ป้ายรถเมล์เลย ซ.ประดู่ 1,13.863406,100.61695,,,,,,,,
,B14  Sathorn-Rama3,6:45,Original,1353373,bangkok_280920_051,13.69553,100.533351,หัวมุมสี่แยก สาธุประดิษฐ์ ถ.รัชดา,13.844063,100.652698,,,,,,,,
,B14  Sathorn-Rama3,,,,,,,สะพานลอยป้ายรถเมล์ตรงข้ามเยื้องThe up พระราม 3,,,,,,,,,,
B15  Hualampong,B15  Hualampong,6:28,Original,1353374,bangkok_280920_052,13.744777,100.516392,ป้ายรถเมล์ก่อนถึง ปั๊มปตท.สาขาหัวลำโพง,13.655743,100.429138,,,,,,,,
,B15  Hualampong,6:30,Original,1353375,bangkok_280920_053,13.7385733,100.5171078,ด้านข้างหัวลำโพง ฝั่งตรงข้ามทางด่วนหัวลำโพง,13.5552405,100.9563573,,,,,,,,
,B15  Hualampong,6:32,Original,1353376,bangkok_280920_054,13.735609,100.521537,หัวมุมก่อนขึ้นทางด่วน ด่านสะพานสว่าง ถ.พระราม 4,13.5694847,100.9227101,,,,,,,,
,B15  Hualampong,6:40,,,,,,MRT ศูนย์สิริกิติ์ ทางออก 4 ถ.รัชดา,13.5715226,100.9131063,,,,,,,,
,B15  Hualampong,6:45,Original,1422400,bangkok_080121_009,13.7221663,100.553928,MRT คลองเตย ทางออก 1,13.5729892,100.906298,,,,,,,,
B20 Chonburi,B20 Chonburi,6:00,Original,1354723,bangkok_111020_154,13.2811068,100.936683,สะพานลอยตลาดหนองมน,13.7890863,100.5742847,,,,,,,,
,B20 Chonburi,6:06,Original,1354724,bangkok_111020_155,13.2864522,100.9263493,หน้าห้างแหลมทอง ถ.หาดบางแสน,13.7774527,100.5736943,,,,,,,,
,B20 Chonburi,6:16,Original,1354725,bangkok_111020_156,13.2939124,100.9439271,สะพานลอยถนนข้าวหลาม ชลบุรี,13.757533,100.5653924,,,,,,,,
,B20 Chonburi,6:19,Original,1354726,bangkok_111020_157,13.2979391,100.9465218,สะพานลอยวิทยาลัยสารพัดช่าง ชลบุรี,13.75575,100.57098,,,,,,,,
,B20 Chonburi,6:21,Original,1354727,bangkok_111020_158,13.3158633,100.9580241,สะพานลอยเลยแยกอ่างศิลา ชลบุรี,13.871464,100.601884,,,,,,,,
,B20 Chonburi,6:36,Original,1353396,bangkok_280920_074,13.3246798,100.9636436,แยกคีรี ชลบุรี,13.858298,100.626286,,,,,,,,
,B20 Chonburi,6:45,Original,1404971,bangkok_081220_004,13.373616,101.0193121,แยกบ้านบึง(หน้าศูนย์ฮอนด้า),13.833952,100.667547,,,,,,,,
,B20 Chonburi,6:47,Original,1404970,bangkok_081220_003,13.3903942,101.0126907,แยกพนัส(บ้านช้างกรุ๊ป),13.761097,100.64564,,,,,,,,
,B20 Chonburi,6:50,,,,,,สะพานลอยตรงข้ามวัดอู่ตะเภา ชลบุรี,13.734454,100.641258,,,,,,,,
,B20 Chonburi,6:55,Original,1354728,bangkok_111020_159,13.4238667,100.9994352,สะพานลอยตรงข้ามนิคมอมตะ,13.7109391,100.6442673,,,,,,,,
,B20 Chonburi,6:59,Original,1354729,bangkok_111020_160,13.4423985,100.9998718,สะพานลอยหน้าวัดบุญญราศรี ชลบุรี,13.695093,100.647571,,,,,,,,
B21 (A) Bangkhae - Central Rama2 ,B21 (A) Bangkhae - Central Rama2 ,5:50,Original,1353456,bangkok_081020_010,13.812703,100.41201,หน้าปั๊มคาลเท็กซ์  ปากซ.เทพศิรินทร์,13.6727064,100.6457479,,,,,,,,
,B21 (A) Bangkhae - Central Rama2 ,6:10,Original,1353377,bangkok_280920_055,13.71096601,100.4094913,ด้านข้างห้างเดอะมอลล์บางแค ซ.เพชรเกษม 82,13.724917,100.529029,,,,,,,,
,B21 (A) Bangkhae - Central Rama2 ,6:15,Original,1353378,bangkok_280920_056,13.711115,100.414448,สะพานลอยหน้า ร.ร.ศูนย์กลางภาษาฯ ซ.เพชรเกษม 41 - 43,13.687854,100.52162,,,,,,,,
,B21 (A) Bangkhae - Central Rama2 ,6:20,Original,1353379,bangkok_280920_057,13.6886475,100.4075452,เลยหน้าโชว์รูมโตโยต้า หนองใหญ่ ถ.วงแหวนรอบนอก,13.69553,100.533351,,,,,,,,
,B21 (A) Bangkhae - Central Rama2 ,6:00,Original,1353380,bangkok_280920_058,13.65190233,100.4054603,หน้าปั๊มจัสโก้ ถ.วงแหวนรอบนอกฝั่งตะวันตก,13.744777,100.516392,,,,,,,,
,B21 (A) Bangkhae - Central Rama2 ,-,Add_Jan2021,,,13.7120252,100.4076898,ป้ายรถเมล์ หน้าเดอะมอลล์บางแค,13.7385733,100.5171078,,,,,,,,
,B21 (B) Bangkhae - Central Rama2 ,6:17,Original,1353381,bangkok_280920_059,13.672099,100.455953,ป้ายรถเมล์ หน้า รพ.บางมด ถ.พระราม 2,13.735609,100.521537,,,,,,,,
,B21 (B) Bangkhae - Central Rama2 ,6:18,,,,,,SCB ปากซ.พระราม 2 ซ. 47,13.71096601,100.4094913,,,,,,,,
,B21 (B) Bangkhae - Central Rama2 ,6:18,Original,1353382,bangkok_280920_060,13.662496,100.440102,เลยทางออกบิ๊กซี พระราม 2,13.711115,100.414448,,,,,,,,
,B21 (B) Bangkhae - Central Rama2 ,6:19,,,,,,ปากซ.พระราม 2 ซ. 51,13.6688606,100.4506815,,,,,,,,
,B21 (B) Bangkhae - Central Rama2 ,6:20,Original,1354711,bangkok_111020_142,13.655743,100.429138,หน้า SCB พระราม 2 ซ.59,13.6886475,100.4075452,,,,,,,,
,B21 (B) Bangkhae - Central Rama2 ,6:21,Original,1353383,bangkok_280920_061,13.652817,100.425223,สะพานลอย KBANK ซ.พระราม 2 ซ.63,13.65190233,100.4054603,,,,,,,,
,B21 (B) Bangkhae - Central Rama2 ,6:00,Original,1353384,bangkok_280920_062,13.647944,100.418601,ปากซ.ถัดจากทางเข้าโลตัส ถนนพระราม 2 ซ.69,13.672099,100.455953,,,,,,,,
,B21 (B) Bangkhae - Central Rama2 ,,,,,,,ปากซอยถนนพระราม2 ซ.71,,,,,,,,,,
B22 Talingchan – Petchburi Rd.,B22 Talingchan – Petchburi Rd.,6:00,Original,,,,,ปากซ.ชัยพฤกษ์ (หน้า Tops) ถ.บรมราชชนนี,13.662496,100.440102,,,,,,,,
,B22 Talingchan – Petchburi Rd.,6:30,Original,,,,,ป้ายรถเมล์เลยแยกเพชรพระราม ถ.เพชรบุรี,13.652817,100.425223,,,,,,,,
,B22 Talingchan – Petchburi Rd.,6:35,Original,,,,,ป้ายรถเมล์ตรงข้ามพันธ์ทิพย์ พลาซ่า ถ.เพชรบุรี,13.647944,100.418601,,,,,,,,
B23 Pra-Cha-U-Thit,B23 Pra-Cha-U-Thit,6:05,Original,1353387,bangkok_280920_065,13.66898855,100.5051579,หน้าไปรษณีย์ไทย สาขาประชาอุทิศ ซ. 9,13.66898855,100.5051579,,,,,,,,
,B23 Pra-Cha-U-Thit,6:10,Original,1353388,bangkok_280920_066,13.656542,100.49927,ประชาอุทิศ ระหว่าง ซ.33 – 35,13.656542,100.49927,,,,,,,,
,B23 Pra-Cha-U-Thit,6:16,Original,1353389,bangkok_280920_067,13.651266,100.496789,สะพานลอย ม.เทคโนโลยีพระจอมเกล้าฯ  ถ.ประชาอุทิศ,13.651266,100.496789,,,,,,,,
,B23 Pra-Cha-U-Thit,6:18,Original,1355514,bangkok_241020_001,13.6342015,100.502785,ปาก ซ.ประชาอุทิศ 79 - 81,13.62295756,100.5107663,,,,,,,,
,B23 Pra-Cha-U-Thit,6:20,Original,1353457,bangkok_081020_011,13.630768,100.503993,ปากซ.ประชาอุทิศ 89/1,13.6389384,100.5269894,,,,,,,,
,B23 Pra-Cha-U-Thit,6:22,Original,1353458,bangkok_081020_012,13.62668,100.505954,ป้ายรถเมล์ ปากซ.ประชาอุทิศ 93(ซ.สน.ทุ่งครุ),13.3518037,100.9813176,,,,,,,,
,B23 Pra-Cha-U-Thit,6:24,Original,1353391,bangkok_280920_069,13.62295756,100.5107663,ซ.ครุใน ป้ายรถเมล์แรก (ก่อนถึงอู่ซ่อมรถ ว. เซอร์วิส),13.5066079,100.9936846,,,,,,,,
,B23 Pra-Cha-U-Thit,6:30,Original,1353392,bangkok_280920_070,13.6389384,100.5269894,ป้ายรถเมล์ตรงข้าม วัดครุใน ถ.สุขสวัสดิ์,13.5394933,100.9627641,,,,,,,,
,Out zone,,,,,,,ปั้มปตท. สาทร-ราชพฤกษ์ ถ.ราชพฤกษ์,13.796577,100.650744,,,,,,,,
B16/1 Bangpoo,B16/1 Bangpoo,6:25,Original,1354730,bangkok_111020_161,13.5703527,100.6065438,ซ.เทศบาลบางปู 45 (ซอยโอ่ง),13.575091,100.8961371,,,,,,,,
,B16/1 Bangpoo,6:26,Original,1355324,bangkok_161020_020,13.5666922,100.6082932,ปากซ.เทศบาลบางปู 47 (ซ.โนรี),13.5772469,100.8861333,,,,,,,,
,B16/1 Bangpoo,6:27,Original,1355323,bangkok_161020_019,13.5635606,100.6097676,เคหะสมุทรปราการ เทศบาลบางปู 49,13.5829589,100.8592916,,,,,,,,
,B16/1 Bangpoo,6:28,Original,1354733,bangkok_111020_164,13.5609197,100.6110269,ซ.เทศบาลบางปู 51 (สะพานคู่),13.2811068,100.936683,,,,,,,,
,B16/1 Bangpoo,6:40,Original,1355321,bangkok_161020_017,13.5077919,100.8234849,เซเว่น คลองด่าน ตรงข้าม KBANK สาขาคลองด่าน,13.2864522,100.9263493,,,,,,,,
,B16/1 Bangpoo,,,,,,,ครัวเพื่อนประมง  ,,,,,,,,,,
B16/2 Bangpoo,B16/2 Bangpoo,6:30,,,,,,ซ.เทศบาลบางปู 63 ถ.บางปู,13.2939124,100.9439271,,,,,,,,
,B16/2 Bangpoo,6:30,Original,1354735,bangkok_111020_166,13.5531419,100.6147654,ตรงข้ามซ.วัดอโศการาม,13.2979391,100.9465218,,,,,,,,
,B16/2 Bangpoo,6:32,Original,1404974,bangkok_081220_007,13.5399764,100.6210842,ตรงข้าม รร. เทคนิคสมุทรปราการ,13.3158633,100.9580241,,,,,,,,
,B16/2 Bangpoo,6:33,Original,1404973,bangkok_071220_006,13.5216319,100.6554223,นิคมบางปู(ตรงข้ามตากอากาศบางปู),13.4238667,100.9994352,,,,,,,,
,B16/2 Bangpoo,6:34,Original,1404972,bangkok_081220_005,13.5174529,100.6742539,ป้ายรถเมล์ซ.เทศบาลบางปู 93(ซ.รสทิพย์)ตรงข้ามปั๊มPT,13.4423985,100.9998718,,,,,,,,
,B16/2 Bangpoo,6:35,Original,1354738,bangkok_111020_169,13.5155613,100.6832659,ตรงข้าม รร.วัดตำหรุ ถ.สุขุมวิท,13.5703527,100.6065438,,,,,,,,
B17/1 Samutprakarn,B17/1 Samutprakarn,6:22,Original,1355337,bangkok_161020_033,13.6070123,100.5953392,สะพานลอยตรงข้าม ซ.บุญศิริ 27 ถ.สุขุมวิท,13.5609197,100.6110269,,,,,,,,
,B17/1 Samutprakarn,6:23,Original,1353466,bangkok_081020_020,13.61909,100.5909571,ป้ายรถเมล์ตรงข้าม ซ.สุขุมวิท13 (ซ.โรงนม),13.5531419,100.6147654,,,,,,,,
,B17/1 Samutprakarn,6:25,,,,,,ป้ายรถเมล์ตรงข้าม ซ.สุขุมวิท 19 (รพ.ยุวประสาท),13.5155613,100.6832659,,,,,,,,
,B17/1 Samutprakarn,6:25,Original,1355335,bangkok_161020_031,13.6226385,100.5896732,ป้ายรถเมล์ตรงข้าม ซ.อุดมเดช 7 ถ.สุขุมวิท,13.6441081,100.5997009,,,,,,,,
,B17/1 Samutprakarn,6:26,Original,1355331,bangkok_161020_027,13.6274415,100.5878539,ปากซ.บางด้วน ถ.ทางรถไฟสายเก่า,13.6404522,100.6050967,,,,,,,,
,B17/1 Samutprakarn,6:34,Original,1355332,bangkok_161020_028,13.6401101,100.5932741,ป้ายรถเมล์ใกล้สะพานลอย ก่อนบิ๊กซี สำโรง2,13.6380002,100.6079689,ดุสิตตา,,,,,,,
,B17/1 Samutprakarn,6:35,Original,1353465,bangkok_081020_019,13.6357361,100.5914911,ป้ายรถเมล์สะพานลอยบ.พานาโซนิค (โตโยต้า สำโรง),13.6313971,100.6200949,,,,,,,,
,B17/1 Samutprakarn,6:36,Original,1355334,bangkok_161020_030,13.63049,100.5893537,วัดไตรสามัคคี(ก่อนขึ้นทางด่วน),13.6258351,100.6304562,,,,,,,,
,B17/1 Samutprakarn,,,,,,,เซเว่นสะพานลอยหน้าวัดหนามแดง,,,,,,,,,,
B17/2 Samutprakarn,B17/2 Samutprakarn,6:18,,,,,,ป้ายรถเมล์ ตรงข้ามซ.ลาซาล ถ.สุขุมวิท,13.6154086,100.6577063,,,,,,,,
,B17/2 Samutprakarn,6:25,Original,1354739,bangkok_111020_170,13.6441081,100.5997009,หน้าร้านลาบเป็ดหนองแด(ตรงข้าม รพ.จุฬาเวช),13.5790048,100.6027589,,,,,,,,
,B17/2 Samutprakarn,6:26,Original,1355345,bangkok_161020_041,13.6418797,100.6032989,ป้ายรถเมล์หน้ากรมสวัสดิการคุ้มคลองแรงงาน,13.5831731,100.6073453,,,,,,,,
,B17/2 Samutprakarn,6:27,Original,1354740,bangkok_111020_171,13.6404522,100.6050967,ตรงข้ามซ.ศรีบุญเรือง1 ถ.เทพารักษ์,13.599011,100.6123637,,,,,,,,
,B17/2 Samutprakarn,6:28,Original,1354741,bangkok_111020_172,13.6380002,100.6079689,ป้ายรถเมล์ใกล้สะพานลอยฮีโน่,13.6188463,100.6476444,,,,,,,,
,B17/2 Samutprakarn,6:29,Original,1355342,bangkok_161020_038,13.6320743,100.6188222,(ศุนย์ ตรอ.ประวิทย์)ตรงข้ามปั้มบางจาก ถ.เทพารักษ์,13.5741914,100.9005409,,,,,,,,
,B17/2 Samutprakarn,6:30,Original,1354742,bangkok_111020_173,13.6313971,100.6200949,ตรงข้ามซ.เรวัตร 1 ถ.เทพารักษ์,13.5077919,100.8234849,,,,,,,,
,B17/2 Samutprakarn,6:33,Original,1355340,bangkok_161020_036,13.6269921,100.6282436,ป้ายรถเมล์เลยสีแยกศรีเทพา (ส้มตำดนตรี) ถ.เทพารักษ์,13.5635606,100.6097676,,,,,,,,
,B17/2 Samutprakarn,6:35,Original,1354743,bangkok_111020_174,13.6258351,100.6304562,ซอยรร.คลองสำโรง(ศรีสมิตร)ตรงข้ามแฟมิลี่ มาร์ท,13.5666922,100.6082932,,,,,,,,
,B17/2 Samutprakarn,6:37,Original,1354744,bangkok_111020_175,13.6154086,100.6577063,หน้าบ.สุรพลฟู้ดส์ ถ.เทพารักษ์,13.6274415,100.5878539,,,,,,,,
B18 Samutprakarn,B18 Samutprakarn,6:10,Original,1353412,bangkok_280920_090,13.5898709,100.597374,ป้ายรถเมล์ วงเวียนท้ายบ้าน,13.6401101,100.5932741,,,,,,,,
,B18 Samutprakarn,6:12,Original,1354746,bangkok_111020_177,13.5790048,100.6027589,หน้า ธ.กรุงเทพ ถนนสายลวด,13.63049,100.5893537,,,,,,,,
,B18 Samutprakarn,6:15,Original,1354747,bangkok_111020_178,13.5831731,100.6073453,หน้าปั้มคาลเท็กซ์ ก่อนถึงบิ๊กซี สมุทรปราการ,13.6226385,100.5896732,,,,,,,,
,B18 Samutprakarn,6:16,Original,1353407,bangkok_280920_085,13.5887236,100.609469,สะพานลอย หน้าธกส.สมุทรปราการ,13.6070123,100.5953392,,,,,,,,
,B18 Samutprakarn,6:18,Original,1354748,bangkok_111020_179,13.599011,100.6123637,หน้าร้านยางตรงข้าม รพ.เปาโล,13.6269921,100.6282436,,,,,,,,
,B18 Samutprakarn,6:20,Original,1353408,bangkok_280920_086,13.608073,100.6160983,ปากทางเข้าหมู่บ้านรินทอง ถ.ศรีนครินทร์,13.6320743,100.6188222,,,,,,,,
,B18 Samutprakarn,6:22,Original,1355349,bangkok_161020_045,13.6202885,100.6230105,ป้ายรถเมล์หน้าโลตัสศรีนครินทร์,13.6418797,100.6032989,,,,,,,,
,B18 Samutprakarn,6:27,Original,1354750,bangkok_111020_181,13.6188463,100.6476444,หน้าศูนย์ฟอร์ด ก่อนถึงตลาดหนามแดง,13.6202885,100.6230105,,,,,,,,
,B18 Samutprakarn,6:32,Original,1353409,bangkok_280920_087,13.6125331,100.6650606,ร้านยางDunlop ก่อนซ.มังกร ถ.เทพารักษ์,13.7873191,100.6073884,,,,,,,,
,B18 Samutprakarn,6:50,,,,,,หน้าเต้นท์รถ ลาซาลสแควร์ ถ.ศรีนครินทร์,13.75237,100.64547,,,,,,,,
B19/1 Chonburi,B19/1 Chonburi,6:23,Original,1353459,bangkok_081020_013,13.3350986,100.9704399,สะพานลอยเซ็นทรัล ชลบุรี,13.7408694,100.4707781,,,,,,,,
,B19/1 Chonburi,6:30,Original,1353393,bangkok_280920_071,13.35108,100.9813161,สะพานลอยตรงข้าม รพ.ชลบุรี,13.7118574,100.4881617,,,,,,,,
,B19/1 Chonburi,6:35,Original,1353460,bangkok_081020_014,13.3634311,100.9899513,หน้ากิฟฟารีน ชลบุรี ตรงข้ามเซเว่น,13.7161303,100.5065878,,,,,,,,
,B19/1 Chonburi,6:43,Original,1353461,bangkok_081020_015,13.4159207,100.9924602,สะพานลอยหน้า ม.ศรีปทุม ชลบุรี,13.72384,100.4923773,,,,,,,,
,B19/1 Chonburi,6:50,Original,1353462,bangkok_081020_016,13.4724419,100.9983349,สะพานลอยตรงข้ามโรงไฟฟ้าบางประกง,13.7163143,100.4897215,,,,,,,,
,B19/1 Chonburi,6:53,Original,1353394,bangkok_280920_072,13.5066079,100.9936846,สะพานลอยโลตัสหัตถเวช,13.6342015,100.502785,,,,,,,,
,B19/1 Chonburi,6:55,Original,1353463,bangkok_081020_017,13.5096395,100.9889326,ศาลาคลองอ้อมบางประกง,13.882461,100.58104,,,,,,,,
,B19/1 Chonburi,7:00,Original,1353464,bangkok_081020_018,13.5352263,100.9645194,ปากซอยม.ศรีเทพไทย ถ.บางนาตราด,13.8387581,100.5578206,,,,,,,,
,B19/1 Chonburi,7:02,Original,1353395,bangkok_280920_073,13.5394933,100.9627641,สะพานลอยบางสมัคร,13.825396,100.558352,,,,,,,,
,B19/1 Chonburi,,,,,,,Tesco lotus แยกบ้านสวน,,,,,,,,,,
B19/2 Chonburi,B19/2 Chonburi,7:05,Original,1354716,bangkok_111020_147,13.5552405,100.9563573,หน้าวัดบางวัว  ถ.บางนาตราด,13.8713054,100.5487274,,,,,,,,
,B19/2 Chonburi,7:08,Original,1354717,bangkok_111020_148,13.5694847,100.9227101,สะพานลอยตรงข้ามนิคมเวลโกว์,13.857133,100.536475,,,,,,,,
,B19/2 Chonburi,7:09,Original,1354718,bangkok_111020_149,13.5715226,100.9131063,หน้าวัดหอมศิล  ถ.บางนาตราด,13.857384,100.534609,,,,,,,,
,B19/2 Chonburi,7:15,Original,1354719,bangkok_111020_150,13.5729892,100.906298,ฝั่งตรงข้ามตลาดนำไทย,13.76895138,100.5406425,,,,,,,,
,B19/2 Chonburi,7:16,Original,1404975,bangkok_131220_001,13.5741914,100.9005409,ปากซ.วัดบางพลีน้อย,13.78411804,100.6130957,,,,,,,,
,B19/2 Chonburi,7:17,Original,1354720,bangkok_111020_151,13.575091,100.8961371,ร้านเจ๊ดำมินิมาร์ท ถ.บางนาตราด,13.781973,100.616997,,,,,,,,
,B19/2 Chonburi,7:18,Original,1354721,bangkok_111020_152,13.5772469,100.8861333,หน้าวัดระกาศ ถ.บางนาตราด,13.771671,100.635456,,,,,,,,
,B19/2 Chonburi,7:20,Original,1354722,bangkok_111020_153,13.5829589,100.8592916,หน้าวัดบางบ่อ ถ.บางนาตราด,13.76985,100.638634,,,,,,,,
,,,,,,,,,,,,,,,,,,
,,,,,,,,,,,,,,,,,,

